[{"@type":"dssTask","id":"@1","name":"Sync_FF_SF","description":"","maxLogs":10,"sourceConnectionId":"@4jsZaNFwHsplPXbmshHHEG","targetConnectionId":"@hWjFTugIIYhfoT8CtVvZmt","targetObject":"Account","targetObjectLabel":"Account","operation":"Insert","maxRows":0,"truncateTarget":false,"bulkApiDBTarget":false,"verbose":false,"srcFlatFileAttrs":{"@type":"flatFileAttrs","id":2053788,"delimiter":",","textQualifier":"\"","escapeChar":"","headerLineNo":1,"firstDataRow":2},"targetMetadataUpdated":false,"modelVersion":"V3-R600","queryAll":false,"srcSettings":{"@type":"taskDataSourceSetting","isShowLabels":false,"isNaturalOrder":true},"tgtSettings":{"@type":"taskDataSourceSetting","isShowLabels":false,"isNaturalOrder":true},"cfSettings":{"@type":"taskDataSourceSetting","isShowLabels":false,"isNaturalOrder":true},"bulkApi":false,"bulkApiSerialMode":false,"bulkApiMonitor":false,"isTargetObjectSfCustom":false,"allowNullUpdates":false,"targetBatchSize":200,"assignmentRuleId":"-1","assignmentRuleType":"None","createSuccessFile":false,"bulkApiHardDelete":false,"srcRuntimeAttrs":{"@type":"taskRuntimeAttrs","attrs":{}},"tgtRuntimeAttrs":{"@type":"taskRuntimeAttrs","attrs":{}},"parameterFileEncoding":"UTF-8","serverlessProperties":{},"sourceObjects":[{"@type":"mObject","name":"Outlets.csv","label":"Outlets.csv","metadataUpdated":false,"relations":[],"children":[]}],"advancedFilters":[],"filters":[],"fieldMaps":[{"@type":"fieldMap","id":"19879730","targetField":{"@type":"field","id":119316338,"name":"Id","type":"id","uniqueName":"Id","label":"Account ID","parentObject":"Account","pcType":"STRING","precision":18,"scale":0,"columnIndex":0,"isKey":true,"isWaterMarkKey":false,"isExternalId":false,"isSfIdLookup":true,"isNullable":false,"isUnique":false,"isCreateable":false,"isUpdateable":false,"isFilterable":true,"isCalculated":false,"showLabel":false,"naturalOrder":0,"linkedFields":[],"relatedInfos":[],"references":[]}},{"@type":"fieldMap","id":"19879731","targetField":{"@type":"field","id":119316339,"name":"IsDeleted","type":"boolean","uniqueName":"IsDeleted","label":"Deleted","parentObject":"Account","pcType":"INT","precision":10,"scale":0,"columnIndex":1,"isKey":false,"isWaterMarkKey":false,"isExternalId":false,"isSfIdLookup":false,"isNullable":false,"isUnique":false,"isCreateable":false,"isUpdateable":false,"isFilterable":true,"isCalculated":false,"showLabel":false,"naturalOrder":1,"linkedFields":[],"relatedInfos":[],"references":[]}},{"@type":"fieldMap","id":"19879732","targetField":{"@type":"field","id":119316340,"name":"MasterRecordId","type":"reference","uniqueName":"MasterRecordId","label":"Master Record ID","parentObject":"Account","pcType":"STRING","precision":18,"scale":0,"columnIndex":2,"isKey":false,"isWaterMarkKey":false,"isExternalId":false,"isSfIdLookup":false,"isNullable":true,"isUnique":false,"isCreateable":false,"isUpdateable":false,"isFilterable":true,"isCalculated":false,"showLabel":false,"naturalOrder":2,"linkedFields":[],"relatedInfos":[{"@type":"fieldRelatedInfo","id":235391,"referenceObject":"Account","relationshipName":"MasterRecord","referenceField":{"@type":"field","id":-1,"precision":0,"scale":0,"columnIndex":-1,"isKey":false,"isWaterMarkKey":false,"isExternalId":false,"isSfIdLookup":false,"isNullable":true,"isUnique":false,"isCreateable":false,"isUpdateable":true,"isFilterable":true,"isCalculated":false,"showLabel":true,"naturalOrder":0,"linkedFields":[],"relatedInfos":[],"references":[]}}],"references":[]}},{"@type":"fieldMap","id":"19879733","targetField":{"@type":"field","id":119316341,"name":"Name","type":"string","uniqueName":"Name","label":"Account Name","parentObject":"Account","pcType":"STRING","precision":255,"scale":0,"columnIndex":3,"isKey":false,"isWaterMarkKey":false,"isExternalId":false,"isSfIdLookup":false,"isNullable":false,"isUnique":false,"isCreateable":true,"isUpdateable":true,"isFilterable":true,"isCalculated":false,"showLabel":false,"naturalOrder":3,"linkedFields":["Outlet_Name"],"relatedInfos":[],"references":[]},"expression":"Outlet_Name"},{"@type":"fieldMap","id":"19879734","targetField":{"@type":"field","id":119316342,"name":"Type","type":"picklist","uniqueName":"Type","label":"Account Type","parentObject":"Account","pcType":"STRING","precision":255,"scale":0,"columnIndex":4,"isKey":false,"isWaterMarkKey":false,"isExternalId":false,"isSfIdLookup":false,"isNullable":true,"isUnique":false,"isCreateable":true,"isUpdateable":true,"isFilterable":true,"isCalculated":false,"showLabel":false,"naturalOrder":4,"linkedFields":[],"relatedInfos":[],"references":[]}},{"@type":"fieldMap","id":"19879735","targetField":{"@type":"field","id":119316343,"name":"ParentId","type":"reference","uniqueName":"ParentId","label":"Parent Account ID","parentObject":"Account","pcType":"STRING","precision":18,"scale":0,"columnIndex":5,"isKey":false,"isWaterMarkKey":false,"isExternalId":false,"isSfIdLookup":false,"isNullable":true,"isUnique":false,"isCreateable":true,"isUpdateable":true,"isFilterable":true,"isCalculated":false,"showLabel":false,"naturalOrder":5,"linkedFields":[],"relatedInfos":[{"@type":"fieldRelatedInfo","id":235392,"referenceObject":"Account","relationshipName":"Parent","referenceField":{"@type":"field","id":-1,"precision":0,"scale":0,"columnIndex":-1,"isKey":false,"isWaterMarkKey":false,"isExternalId":false,"isSfIdLookup":false,"isNullable":true,"isUnique":false,"isCreateable":false,"isUpdateable":true,"isFilterable":true,"isCalculated":false,"showLabel":true,"naturalOrder":0,"linkedFields":[],"relatedInfos":[],"references":[]}}],"references":[]}},{"@type":"fieldMap","id":"19879736","targetField":{"@type":"field","id":119316344,"name":"BillingStreet","type":"textarea","uniqueName":"BillingStreet","label":"Billing Street","parentObject":"Account","pcType":"STRING","precision":255,"scale":0,"columnIndex":6,"isKey":false,"isWaterMarkKey":false,"isExternalId":false,"isSfIdLookup":false,"isNullable":true,"isUnique":false,"isCreateable":true,"isUpdateable":true,"isFilterable":true,"isCalculated":false,"showLabel":false,"naturalOrder":6,"linkedFields":["Street"],"relatedInfos":[],"references":[]},"expression":"Street"},{"@type":"fieldMap","id":"19879737","targetField":{"@type":"field","id":119316345,"name":"BillingCity","type":"string","uniqueName":"BillingCity","label":"Billing City","parentObject":"Account","pcType":"STRING","precision":40,"scale":0,"columnIndex":7,"isKey":false,"isWaterMarkKey":false,"isExternalId":false,"isSfIdLookup":false,"isNullable":true,"isUnique":false,"isCreateable":true,"isUpdateable":true,"isFilterable":true,"isCalculated":false,"showLabel":false,"naturalOrder":7,"linkedFields":["City"],"relatedInfos":[],"references":[]},"expression":"City"},{"@type":"fieldMap","id":"19879738","targetField":{"@type":"field","id":119316346,"name":"BillingState","type":"string","uniqueName":"BillingState","label":"Billing State/Province","parentObject":"Account","pcType":"STRING","precision":80,"scale":0,"columnIndex":8,"isKey":false,"isWaterMarkKey":false,"isExternalId":false,"isSfIdLookup":false,"isNullable":true,"isUnique":false,"isCreateable":true,"isUpdateable":true,"isFilterable":true,"isCalculated":false,"showLabel":false,"naturalOrder":8,"linkedFields":["State"],"relatedInfos":[],"references":[]},"expression":"State"},{"@type":"fieldMap","id":"19879739","targetField":{"@type":"field","id":119316347,"name":"BillingPostalCode","type":"string","uniqueName":"BillingPostalCode","label":"Billing Zip/Postal Code","parentObject":"Account","pcType":"STRING","precision":20,"scale":0,"columnIndex":9,"isKey":false,"isWaterMarkKey":false,"isExternalId":false,"isSfIdLookup":false,"isNullable":true,"isUnique":false,"isCreateable":true,"isUpdateable":true,"isFilterable":true,"isCalculated":false,"showLabel":false,"naturalOrder":9,"linkedFields":["ZipCode"],"relatedInfos":[],"references":[]},"expression":"ZipCode"},{"@type":"fieldMap","id":"19879740","targetField":{"@type":"field","id":119316348,"name":"BillingCountry","type":"string","uniqueName":"BillingCountry","label":"Billing Country","parentObject":"Account","pcType":"STRING","precision":80,"scale":0,"columnIndex":10,"isKey":false,"isWaterMarkKey":false,"isExternalId":false,"isSfIdLookup":false,"isNullable":true,"isUnique":false,"isCreateable":true,"isUpdateable":true,"isFilterable":true,"isCalculated":false,"showLabel":false,"naturalOrder":10,"linkedFields":["Country"],"relatedInfos":[],"references":[]},"expression":"Country"},{"@type":"fieldMap","id":"19879741","targetField":{"@type":"field","id":119316349,"name":"BillingLatitude","type":"double","uniqueName":"BillingLatitude","label":"Billing Latitude","parentObject":"Account","pcType":"HIPRECDECIMAL","precision":18,"scale":15,"columnIndex":11,"isKey":false,"isWaterMarkKey":false,"isExternalId":false,"isSfIdLookup":false,"isNullable":true,"isUnique":false,"isCreateable":true,"isUpdateable":true,"isFilterable":true,"isCalculated":false,"showLabel":false,"naturalOrder":11,"linkedFields":[],"relatedInfos":[],"references":[]}},{"@type":"fieldMap","id":"19879742","targetField":{"@type":"field","id":119316350,"name":"BillingLongitude","type":"double","uniqueName":"BillingLongitude","label":"Billing Longitude","parentObject":"Account","pcType":"HIPRECDECIMAL","precision":18,"scale":15,"columnIndex":12,"isKey":false,"isWaterMarkKey":false,"isExternalId":false,"isSfIdLookup":false,"isNullable":true,"isUnique":false,"isCreateable":true,"isUpdateable":true,"isFilterable":true,"isCalculated":false,"showLabel":false,"naturalOrder":12,"linkedFields":[],"relatedInfos":[],"references":[]}},{"@type":"fieldMap","id":"19879743","targetField":{"@type":"field","id":119316351,"name":"BillingGeocodeAccuracy","type":"picklist","uniqueName":"BillingGeocodeAccuracy","label":"Billing Geocode Accuracy","parentObject":"Account","pcType":"STRING","precision":40,"scale":0,"columnIndex":13,"isKey":false,"isWaterMarkKey":false,"isExternalId":false,"isSfIdLookup":false,"isNullable":true,"isUnique":false,"isCreateable":true,"isUpdateable":true,"isFilterable":true,"isCalculated":false,"showLabel":false,"naturalOrder":13,"linkedFields":[],"relatedInfos":[],"references":[]}},{"@type":"fieldMap","id":"19879744","targetField":{"@type":"field","id":119316352,"name":"ShippingStreet","type":"textarea","uniqueName":"ShippingStreet","label":"Shipping Street","parentObject":"Account","pcType":"STRING","precision":255,"scale":0,"columnIndex":14,"isKey":false,"isWaterMarkKey":false,"isExternalId":false,"isSfIdLookup":false,"isNullable":true,"isUnique":false,"isCreateable":true,"isUpdateable":true,"isFilterable":true,"isCalculated":false,"showLabel":false,"naturalOrder":14,"linkedFields":[],"relatedInfos":[],"references":[]}},{"@type":"fieldMap","id":"19879745","targetField":{"@type":"field","id":119316353,"name":"ShippingCity","type":"string","uniqueName":"ShippingCity","label":"Shipping City","parentObject":"Account","pcType":"STRING","precision":40,"scale":0,"columnIndex":15,"isKey":false,"isWaterMarkKey":false,"isExternalId":false,"isSfIdLookup":false,"isNullable":true,"isUnique":false,"isCreateable":true,"isUpdateable":true,"isFilterable":true,"isCalculated":false,"showLabel":false,"naturalOrder":15,"linkedFields":[],"relatedInfos":[],"references":[]}},{"@type":"fieldMap","id":"19879746","targetField":{"@type":"field","id":119316354,"name":"ShippingState","type":"string","uniqueName":"ShippingState","label":"Shipping State/Province","parentObject":"Account","pcType":"STRING","precision":80,"scale":0,"columnIndex":16,"isKey":false,"isWaterMarkKey":false,"isExternalId":false,"isSfIdLookup":false,"isNullable":true,"isUnique":false,"isCreateable":true,"isUpdateable":true,"isFilterable":true,"isCalculated":false,"showLabel":false,"naturalOrder":16,"linkedFields":[],"relatedInfos":[],"references":[]}},{"@type":"fieldMap","id":"19879747","targetField":{"@type":"field","id":119316355,"name":"ShippingPostalCode","type":"string","uniqueName":"ShippingPostalCode","label":"Shipping Zip/Postal Code","parentObject":"Account","pcType":"STRING","precision":20,"scale":0,"columnIndex":17,"isKey":false,"isWaterMarkKey":false,"isExternalId":false,"isSfIdLookup":false,"isNullable":true,"isUnique":false,"isCreateable":true,"isUpdateable":true,"isFilterable":true,"isCalculated":false,"showLabel":false,"naturalOrder":17,"linkedFields":[],"relatedInfos":[],"references":[]}},{"@type":"fieldMap","id":"19879748","targetField":{"@type":"field","id":119316356,"name":"ShippingCountry","type":"string","uniqueName":"ShippingCountry","label":"Shipping Country","parentObject":"Account","pcType":"STRING","precision":80,"scale":0,"columnIndex":18,"isKey":false,"isWaterMarkKey":false,"isExternalId":false,"isSfIdLookup":false,"isNullable":true,"isUnique":false,"isCreateable":true,"isUpdateable":true,"isFilterable":true,"isCalculated":false,"showLabel":false,"naturalOrder":18,"linkedFields":[],"relatedInfos":[],"references":[]}},{"@type":"fieldMap","id":"19879749","targetField":{"@type":"field","id":119316357,"name":"ShippingLatitude","type":"double","uniqueName":"ShippingLatitude","label":"Shipping Latitude","parentObject":"Account","pcType":"HIPRECDECIMAL","precision":18,"scale":15,"columnIndex":19,"isKey":false,"isWaterMarkKey":false,"isExternalId":false,"isSfIdLookup":false,"isNullable":true,"isUnique":false,"isCreateable":true,"isUpdateable":true,"isFilterable":true,"isCalculated":false,"showLabel":false,"naturalOrder":19,"linkedFields":[],"relatedInfos":[],"references":[]}},{"@type":"fieldMap","id":"19879750","targetField":{"@type":"field","id":119316358,"name":"ShippingLongitude","type":"double","uniqueName":"ShippingLongitude","label":"Shipping Longitude","parentObject":"Account","pcType":"HIPRECDECIMAL","precision":18,"scale":15,"columnIndex":20,"isKey":false,"isWaterMarkKey":false,"isExternalId":false,"isSfIdLookup":false,"isNullable":true,"isUnique":false,"isCreateable":true,"isUpdateable":true,"isFilterable":true,"isCalculated":false,"showLabel":false,"naturalOrder":20,"linkedFields":[],"relatedInfos":[],"references":[]}},{"@type":"fieldMap","id":"19879751","targetField":{"@type":"field","id":119316359,"name":"ShippingGeocodeAccuracy","type":"picklist","uniqueName":"ShippingGeocodeAccuracy","label":"Shipping Geocode Accuracy","parentObject":"Account","pcType":"STRING","precision":40,"scale":0,"columnIndex":21,"isKey":false,"isWaterMarkKey":false,"isExternalId":false,"isSfIdLookup":false,"isNullable":true,"isUnique":false,"isCreateable":true,"isUpdateable":true,"isFilterable":true,"isCalculated":false,"showLabel":false,"naturalOrder":21,"linkedFields":[],"relatedInfos":[],"references":[]}},{"@type":"fieldMap","id":"19879752","targetField":{"@type":"field","id":119316360,"name":"Phone","type":"phone","uniqueName":"Phone","label":"Account Phone","parentObject":"Account","pcType":"STRING","precision":40,"scale":0,"columnIndex":22,"isKey":false,"isWaterMarkKey":false,"isExternalId":false,"isSfIdLookup":false,"isNullable":true,"isUnique":false,"isCreateable":true,"isUpdateable":true,"isFilterable":true,"isCalculated":false,"showLabel":false,"naturalOrder":22,"linkedFields":["Phone_Number"],"relatedInfos":[],"references":[]},"expression":"Phone_Number"},{"@type":"fieldMap","id":"19879753","targetField":{"@type":"field","id":119316361,"name":"Fax","type":"phone","uniqueName":"Fax","label":"Account Fax","parentObject":"Account","pcType":"STRING","precision":40,"scale":0,"columnIndex":23,"isKey":false,"isWaterMarkKey":false,"isExternalId":false,"isSfIdLookup":false,"isNullable":true,"isUnique":false,"isCreateable":true,"isUpdateable":true,"isFilterable":true,"isCalculated":false,"showLabel":false,"naturalOrder":23,"linkedFields":[],"relatedInfos":[],"references":[]}},{"@type":"fieldMap","id":"19879754","targetField":{"@type":"field","id":119316362,"name":"AccountNumber","type":"string","uniqueName":"AccountNumber","label":"Account Number","parentObject":"Account","pcType":"STRING","precision":40,"scale":0,"columnIndex":24,"isKey":false,"isWaterMarkKey":false,"isExternalId":false,"isSfIdLookup":false,"isNullable":true,"isUnique":false,"isCreateable":true,"isUpdateable":true,"isFilterable":true,"isCalculated":false,"showLabel":false,"naturalOrder":24,"linkedFields":[],"relatedInfos":[],"references":[]}},{"@type":"fieldMap","id":"19879755","targetField":{"@type":"field","id":119316363,"name":"Website","type":"url","uniqueName":"Website","label":"Website","parentObject":"Account","pcType":"STRING","precision":255,"scale":0,"columnIndex":25,"isKey":false,"isWaterMarkKey":false,"isExternalId":false,"isSfIdLookup":false,"isNullable":true,"isUnique":false,"isCreateable":true,"isUpdateable":true,"isFilterable":true,"isCalculated":false,"showLabel":false,"naturalOrder":25,"linkedFields":[],"relatedInfos":[],"references":[]}},{"@type":"fieldMap","id":"19879756","targetField":{"@type":"field","id":119316364,"name":"PhotoUrl","type":"url","uniqueName":"PhotoUrl","label":"Photo URL","parentObject":"Account","pcType":"STRING","precision":255,"scale":0,"columnIndex":26,"isKey":false,"isWaterMarkKey":false,"isExternalId":false,"isSfIdLookup":false,"isNullable":true,"isUnique":false,"isCreateable":false,"isUpdateable":false,"isFilterable":true,"isCalculated":false,"showLabel":false,"naturalOrder":26,"linkedFields":[],"relatedInfos":[],"references":[]}},{"@type":"fieldMap","id":"19879757","targetField":{"@type":"field","id":119316365,"name":"Sic","type":"string","uniqueName":"Sic","label":"SIC Code","parentObject":"Account","pcType":"STRING","precision":20,"scale":0,"columnIndex":27,"isKey":false,"isWaterMarkKey":false,"isExternalId":false,"isSfIdLookup":false,"isNullable":true,"isUnique":false,"isCreateable":true,"isUpdateable":true,"isFilterable":true,"isCalculated":false,"showLabel":false,"naturalOrder":27,"linkedFields":[],"relatedInfos":[],"references":[]}},{"@type":"fieldMap","id":"19879758","targetField":{"@type":"field","id":119316366,"name":"Industry","type":"picklist","uniqueName":"Industry","label":"Industry","parentObject":"Account","pcType":"STRING","precision":255,"scale":0,"columnIndex":28,"isKey":false,"isWaterMarkKey":false,"isExternalId":false,"isSfIdLookup":false,"isNullable":true,"isUnique":false,"isCreateable":true,"isUpdateable":true,"isFilterable":true,"isCalculated":false,"showLabel":false,"naturalOrder":28,"linkedFields":[],"relatedInfos":[],"references":[]}},{"@type":"fieldMap","id":"19879759","targetField":{"@type":"field","id":119316367,"name":"AnnualRevenue","type":"currency","uniqueName":"AnnualRevenue","label":"Annual Revenue","parentObject":"Account","pcType":"HIPRECDECIMAL","precision":18,"scale":0,"columnIndex":29,"isKey":false,"isWaterMarkKey":false,"isExternalId":false,"isSfIdLookup":false,"isNullable":true,"isUnique":false,"isCreateable":true,"isUpdateable":true,"isFilterable":true,"isCalculated":false,"showLabel":false,"naturalOrder":29,"linkedFields":[],"relatedInfos":[],"references":[]}},{"@type":"fieldMap","id":"19879760","targetField":{"@type":"field","id":119316368,"name":"NumberOfEmployees","type":"int","uniqueName":"NumberOfEmployees","label":"Employees","parentObject":"Account","pcType":"INT","precision":10,"scale":0,"columnIndex":30,"isKey":false,"isWaterMarkKey":false,"isExternalId":false,"isSfIdLookup":false,"isNullable":true,"isUnique":false,"isCreateable":true,"isUpdateable":true,"isFilterable":true,"isCalculated":false,"showLabel":false,"naturalOrder":30,"linkedFields":["Employees"],"relatedInfos":[],"references":[]},"expression":"Employees"},{"@type":"fieldMap","id":"19879761","targetField":{"@type":"field","id":119316369,"name":"Ownership","type":"picklist","uniqueName":"Ownership","label":"Ownership","parentObject":"Account","pcType":"STRING","precision":255,"scale":0,"columnIndex":31,"isKey":false,"isWaterMarkKey":false,"isExternalId":false,"isSfIdLookup":false,"isNullable":true,"isUnique":false,"isCreateable":true,"isUpdateable":true,"isFilterable":true,"isCalculated":false,"showLabel":false,"naturalOrder":31,"linkedFields":[],"relatedInfos":[],"references":[]}},{"@type":"fieldMap","id":"19879762","targetField":{"@type":"field","id":119316370,"name":"TickerSymbol","type":"string","uniqueName":"TickerSymbol","label":"Ticker Symbol","parentObject":"Account","pcType":"STRING","precision":20,"scale":0,"columnIndex":32,"isKey":false,"isWaterMarkKey":false,"isExternalId":false,"isSfIdLookup":false,"isNullable":true,"isUnique":false,"isCreateable":true,"isUpdateable":true,"isFilterable":true,"isCalculated":false,"showLabel":false,"naturalOrder":32,"linkedFields":[],"relatedInfos":[],"references":[]}},{"@type":"fieldMap","id":"19879763","targetField":{"@type":"field","id":119316371,"name":"Description","type":"textarea","uniqueName":"Description","label":"Account Description","parentObject":"Account","pcType":"STRING","precision":32000,"scale":0,"columnIndex":33,"isKey":false,"isWaterMarkKey":false,"isExternalId":false,"isSfIdLookup":false,"isNullable":true,"isUnique":false,"isCreateable":true,"isUpdateable":true,"isFilterable":false,"isCalculated":false,"showLabel":false,"naturalOrder":33,"linkedFields":[],"relatedInfos":[],"references":[]}},{"@type":"fieldMap","id":"19879764","targetField":{"@type":"field","id":119316372,"name":"Rating","type":"picklist","uniqueName":"Rating","label":"Account Rating","parentObject":"Account","pcType":"STRING","precision":255,"scale":0,"columnIndex":34,"isKey":false,"isWaterMarkKey":false,"isExternalId":false,"isSfIdLookup":false,"isNullable":true,"isUnique":false,"isCreateable":true,"isUpdateable":true,"isFilterable":true,"isCalculated":false,"showLabel":false,"naturalOrder":34,"linkedFields":[],"relatedInfos":[],"references":[]}},{"@type":"fieldMap","id":"19879765","targetField":{"@type":"field","id":119316373,"name":"Site","type":"string","uniqueName":"Site","label":"Account Site","parentObject":"Account","pcType":"STRING","precision":80,"scale":0,"columnIndex":35,"isKey":false,"isWaterMarkKey":false,"isExternalId":false,"isSfIdLookup":false,"isNullable":true,"isUnique":false,"isCreateable":true,"isUpdateable":true,"isFilterable":true,"isCalculated":false,"showLabel":false,"naturalOrder":35,"linkedFields":[],"relatedInfos":[],"references":[]}},{"@type":"fieldMap","id":"19879766","targetField":{"@type":"field","id":119316374,"name":"OwnerId","type":"reference","uniqueName":"OwnerId","label":"Owner ID","parentObject":"Account","pcType":"STRING","precision":18,"scale":0,"columnIndex":36,"isKey":false,"isWaterMarkKey":false,"isExternalId":false,"isSfIdLookup":false,"isNullable":false,"isUnique":false,"isCreateable":true,"isUpdateable":true,"isFilterable":true,"isCalculated":false,"showLabel":false,"naturalOrder":36,"linkedFields":[],"relatedInfos":[{"@type":"fieldRelatedInfo","id":235393,"referenceObject":"User","relationshipName":"Owner","referenceField":{"@type":"field","id":-1,"precision":0,"scale":0,"columnIndex":-1,"isKey":false,"isWaterMarkKey":false,"isExternalId":false,"isSfIdLookup":false,"isNullable":true,"isUnique":false,"isCreateable":false,"isUpdateable":true,"isFilterable":true,"isCalculated":false,"showLabel":true,"naturalOrder":0,"linkedFields":[],"relatedInfos":[],"references":[]}}],"references":[]}},{"@type":"fieldMap","id":"19879767","targetField":{"@type":"field","id":119316375,"name":"CreatedDate","type":"datetime","uniqueName":"CreatedDate","label":"Created Date","parentObject":"Account","pcType":"DATE","precision":24,"scale":0,"columnIndex":37,"isKey":false,"isWaterMarkKey":false,"isExternalId":false,"isSfIdLookup":false,"isNullable":false,"isUnique":false,"isCreateable":false,"isUpdateable":false,"isFilterable":true,"isCalculated":false,"showLabel":false,"naturalOrder":37,"linkedFields":[],"relatedInfos":[],"references":[]}},{"@type":"fieldMap","id":"19879768","targetField":{"@type":"field","id":119316376,"name":"CreatedById","type":"reference","uniqueName":"CreatedById","label":"Created By ID","parentObject":"Account","pcType":"STRING","precision":18,"scale":0,"columnIndex":38,"isKey":false,"isWaterMarkKey":false,"isExternalId":false,"isSfIdLookup":false,"isNullable":false,"isUnique":false,"isCreateable":false,"isUpdateable":false,"isFilterable":true,"isCalculated":false,"showLabel":false,"naturalOrder":38,"linkedFields":[],"relatedInfos":[{"@type":"fieldRelatedInfo","id":235394,"referenceObject":"User","relationshipName":"CreatedBy","referenceField":{"@type":"field","id":-1,"precision":0,"scale":0,"columnIndex":-1,"isKey":false,"isWaterMarkKey":false,"isExternalId":false,"isSfIdLookup":false,"isNullable":true,"isUnique":false,"isCreateable":false,"isUpdateable":true,"isFilterable":true,"isCalculated":false,"showLabel":true,"naturalOrder":0,"linkedFields":[],"relatedInfos":[],"references":[]}}],"references":[]}},{"@type":"fieldMap","id":"19879769","targetField":{"@type":"field","id":119316377,"name":"LastModifiedDate","type":"datetime","uniqueName":"LastModifiedDate","label":"Last Modified Date","parentObject":"Account","pcType":"DATE","precision":24,"scale":0,"columnIndex":39,"isKey":false,"isWaterMarkKey":false,"isExternalId":false,"isSfIdLookup":false,"isNullable":false,"isUnique":false,"isCreateable":false,"isUpdateable":false,"isFilterable":true,"isCalculated":false,"showLabel":false,"naturalOrder":39,"linkedFields":[],"relatedInfos":[],"references":[]}},{"@type":"fieldMap","id":"19879770","targetField":{"@type":"field","id":119316378,"name":"LastModifiedById","type":"reference","uniqueName":"LastModifiedById","label":"Last Modified By ID","parentObject":"Account","pcType":"STRING","precision":18,"scale":0,"columnIndex":40,"isKey":false,"isWaterMarkKey":false,"isExternalId":false,"isSfIdLookup":false,"isNullable":false,"isUnique":false,"isCreateable":false,"isUpdateable":false,"isFilterable":true,"isCalculated":false,"showLabel":false,"naturalOrder":40,"linkedFields":[],"relatedInfos":[{"@type":"fieldRelatedInfo","id":235395,"referenceObject":"User","relationshipName":"LastModifiedBy","referenceField":{"@type":"field","id":-1,"precision":0,"scale":0,"columnIndex":-1,"isKey":false,"isWaterMarkKey":false,"isExternalId":false,"isSfIdLookup":false,"isNullable":true,"isUnique":false,"isCreateable":false,"isUpdateable":true,"isFilterable":true,"isCalculated":false,"showLabel":true,"naturalOrder":0,"linkedFields":[],"relatedInfos":[],"references":[]}}],"references":[]}},{"@type":"fieldMap","id":"19879771","targetField":{"@type":"field","id":119316379,"name":"SystemModstamp","type":"datetime","uniqueName":"SystemModstamp","label":"System Modstamp","parentObject":"Account","pcType":"DATE","precision":24,"scale":0,"columnIndex":41,"isKey":false,"isWaterMarkKey":false,"isExternalId":false,"isSfIdLookup":false,"isNullable":false,"isUnique":false,"isCreateable":false,"isUpdateable":false,"isFilterable":true,"isCalculated":false,"showLabel":false,"naturalOrder":41,"linkedFields":[],"relatedInfos":[],"references":[]}},{"@type":"fieldMap","id":"19879772","targetField":{"@type":"field","id":119316380,"name":"LastActivityDate","type":"date","uniqueName":"LastActivityDate","label":"Last Activity","parentObject":"Account","pcType":"DATE","precision":10,"scale":0,"columnIndex":42,"isKey":false,"isWaterMarkKey":false,"isExternalId":false,"isSfIdLookup":false,"isNullable":true,"isUnique":false,"isCreateable":false,"isUpdateable":false,"isFilterable":true,"isCalculated":false,"showLabel":false,"naturalOrder":42,"linkedFields":[],"relatedInfos":[],"references":[]}},{"@type":"fieldMap","id":"19879773","targetField":{"@type":"field","id":119316381,"name":"LastViewedDate","type":"datetime","uniqueName":"LastViewedDate","label":"Last Viewed Date","parentObject":"Account","pcType":"DATE","precision":24,"scale":0,"columnIndex":43,"isKey":false,"isWaterMarkKey":false,"isExternalId":false,"isSfIdLookup":false,"isNullable":true,"isUnique":false,"isCreateable":false,"isUpdateable":false,"isFilterable":true,"isCalculated":false,"showLabel":false,"naturalOrder":43,"linkedFields":[],"relatedInfos":[],"references":[]}},{"@type":"fieldMap","id":"19879774","targetField":{"@type":"field","id":119316382,"name":"LastReferencedDate","type":"datetime","uniqueName":"LastReferencedDate","label":"Last Referenced Date","parentObject":"Account","pcType":"DATE","precision":24,"scale":0,"columnIndex":44,"isKey":false,"isWaterMarkKey":false,"isExternalId":false,"isSfIdLookup":false,"isNullable":true,"isUnique":false,"isCreateable":false,"isUpdateable":false,"isFilterable":true,"isCalculated":false,"showLabel":false,"naturalOrder":44,"linkedFields":[],"relatedInfos":[],"references":[]}},{"@type":"fieldMap","id":"19879775","targetField":{"@type":"field","id":119316383,"name":"Jigsaw","type":"string","uniqueName":"Jigsaw","label":"Data.com Key","parentObject":"Account","pcType":"STRING","precision":20,"scale":0,"columnIndex":45,"isKey":false,"isWaterMarkKey":false,"isExternalId":false,"isSfIdLookup":false,"isNullable":true,"isUnique":false,"isCreateable":true,"isUpdateable":true,"isFilterable":true,"isCalculated":false,"showLabel":false,"naturalOrder":45,"linkedFields":[],"relatedInfos":[],"references":[]}},{"@type":"fieldMap","id":"19879776","targetField":{"@type":"field","id":119316384,"name":"JigsawCompanyId","type":"string","uniqueName":"JigsawCompanyId","label":"Jigsaw Company ID","parentObject":"Account","pcType":"STRING","precision":20,"scale":0,"columnIndex":46,"isKey":false,"isWaterMarkKey":false,"isExternalId":false,"isSfIdLookup":false,"isNullable":true,"isUnique":false,"isCreateable":false,"isUpdateable":false,"isFilterable":true,"isCalculated":false,"showLabel":false,"naturalOrder":46,"linkedFields":[],"relatedInfos":[],"references":[]}},{"@type":"fieldMap","id":"19879777","targetField":{"@type":"field","id":119316385,"name":"CleanStatus","type":"picklist","uniqueName":"CleanStatus","label":"Clean Status","parentObject":"Account","pcType":"STRING","precision":40,"scale":0,"columnIndex":47,"isKey":false,"isWaterMarkKey":false,"isExternalId":false,"isSfIdLookup":false,"isNullable":true,"isUnique":false,"isCreateable":true,"isUpdateable":true,"isFilterable":true,"isCalculated":false,"showLabel":false,"naturalOrder":47,"linkedFields":[],"relatedInfos":[],"references":[]}},{"@type":"fieldMap","id":"19879778","targetField":{"@type":"field","id":119316386,"name":"AccountSource","type":"picklist","uniqueName":"AccountSource","label":"Account Source","parentObject":"Account","pcType":"STRING","precision":255,"scale":0,"columnIndex":48,"isKey":false,"isWaterMarkKey":false,"isExternalId":false,"isSfIdLookup":false,"isNullable":true,"isUnique":false,"isCreateable":true,"isUpdateable":true,"isFilterable":true,"isCalculated":false,"showLabel":false,"naturalOrder":48,"linkedFields":[],"relatedInfos":[],"references":[]}},{"@type":"fieldMap","id":"19879779","targetField":{"@type":"field","id":119316387,"name":"DunsNumber","type":"string","uniqueName":"DunsNumber","label":"D-U-N-S Number","parentObject":"Account","pcType":"STRING","precision":9,"scale":0,"columnIndex":49,"isKey":false,"isWaterMarkKey":false,"isExternalId":false,"isSfIdLookup":false,"isNullable":true,"isUnique":false,"isCreateable":true,"isUpdateable":true,"isFilterable":true,"isCalculated":false,"showLabel":false,"naturalOrder":49,"linkedFields":[],"relatedInfos":[],"references":[]}},{"@type":"fieldMap","id":"19879780","targetField":{"@type":"field","id":119316388,"name":"Tradestyle","type":"string","uniqueName":"Tradestyle","label":"Tradestyle","parentObject":"Account","pcType":"STRING","precision":255,"scale":0,"columnIndex":50,"isKey":false,"isWaterMarkKey":false,"isExternalId":false,"isSfIdLookup":false,"isNullable":true,"isUnique":false,"isCreateable":true,"isUpdateable":true,"isFilterable":true,"isCalculated":false,"showLabel":false,"naturalOrder":50,"linkedFields":[],"relatedInfos":[],"references":[]}},{"@type":"fieldMap","id":"19879781","targetField":{"@type":"field","id":119316389,"name":"NaicsCode","type":"string","uniqueName":"NaicsCode","label":"NAICS Code","parentObject":"Account","pcType":"STRING","precision":8,"scale":0,"columnIndex":51,"isKey":false,"isWaterMarkKey":false,"isExternalId":false,"isSfIdLookup":false,"isNullable":true,"isUnique":false,"isCreateable":true,"isUpdateable":true,"isFilterable":true,"isCalculated":false,"showLabel":false,"naturalOrder":51,"linkedFields":[],"relatedInfos":[],"references":[]}},{"@type":"fieldMap","id":"19879782","targetField":{"@type":"field","id":119316390,"name":"NaicsDesc","type":"string","uniqueName":"NaicsDesc","label":"NAICS Description","parentObject":"Account","pcType":"STRING","precision":120,"scale":0,"columnIndex":52,"isKey":false,"isWaterMarkKey":false,"isExternalId":false,"isSfIdLookup":false,"isNullable":true,"isUnique":false,"isCreateable":true,"isUpdateable":true,"isFilterable":true,"isCalculated":false,"showLabel":false,"naturalOrder":52,"linkedFields":[],"relatedInfos":[],"references":[]}},{"@type":"fieldMap","id":"19879783","targetField":{"@type":"field","id":119316391,"name":"YearStarted","type":"string","uniqueName":"YearStarted","label":"Year Started","parentObject":"Account","pcType":"STRING","precision":4,"scale":0,"columnIndex":53,"isKey":false,"isWaterMarkKey":false,"isExternalId":false,"isSfIdLookup":false,"isNullable":true,"isUnique":false,"isCreateable":true,"isUpdateable":true,"isFilterable":true,"isCalculated":false,"showLabel":false,"naturalOrder":53,"linkedFields":[],"relatedInfos":[],"references":[]}},{"@type":"fieldMap","id":"19879784","targetField":{"@type":"field","id":119316392,"name":"SicDesc","type":"string","uniqueName":"SicDesc","label":"SIC Description","parentObject":"Account","pcType":"STRING","precision":80,"scale":0,"columnIndex":54,"isKey":false,"isWaterMarkKey":false,"isExternalId":false,"isSfIdLookup":false,"isNullable":true,"isUnique":false,"isCreateable":true,"isUpdateable":true,"isFilterable":true,"isCalculated":false,"showLabel":false,"naturalOrder":54,"linkedFields":[],"relatedInfos":[],"references":[]}},{"@type":"fieldMap","id":"19879785","targetField":{"@type":"field","id":119316393,"name":"DandbCompanyId","type":"reference","uniqueName":"DandbCompanyId","label":"D&B Company ID","parentObject":"Account","pcType":"STRING","precision":18,"scale":0,"columnIndex":55,"isKey":false,"isWaterMarkKey":false,"isExternalId":false,"isSfIdLookup":false,"isNullable":true,"isUnique":false,"isCreateable":true,"isUpdateable":true,"isFilterable":true,"isCalculated":false,"showLabel":false,"naturalOrder":55,"linkedFields":[],"relatedInfos":[{"@type":"fieldRelatedInfo","id":235396,"referenceObject":"DandBCompany","relationshipName":"DandbCompany","referenceField":{"@type":"field","id":-1,"precision":0,"scale":0,"columnIndex":-1,"isKey":false,"isWaterMarkKey":false,"isExternalId":false,"isSfIdLookup":false,"isNullable":true,"isUnique":false,"isCreateable":false,"isUpdateable":true,"isFilterable":true,"isCalculated":false,"showLabel":true,"naturalOrder":0,"linkedFields":[],"relatedInfos":[],"references":[]}}],"references":[]}},{"@type":"fieldMap","id":"19879786","targetField":{"@type":"field","id":119316394,"name":"OperatingHoursId","type":"reference","uniqueName":"OperatingHoursId","label":"Operating Hour ID","parentObject":"Account","pcType":"STRING","precision":18,"scale":0,"columnIndex":56,"isKey":false,"isWaterMarkKey":false,"isExternalId":false,"isSfIdLookup":false,"isNullable":true,"isUnique":false,"isCreateable":true,"isUpdateable":true,"isFilterable":true,"isCalculated":false,"showLabel":false,"naturalOrder":56,"linkedFields":[],"relatedInfos":[{"@type":"fieldRelatedInfo","id":235397,"referenceObject":"OperatingHours","relationshipName":"OperatingHours","referenceField":{"@type":"field","id":-1,"precision":0,"scale":0,"columnIndex":-1,"isKey":false,"isWaterMarkKey":false,"isExternalId":false,"isSfIdLookup":false,"isNullable":true,"isUnique":false,"isCreateable":false,"isUpdateable":true,"isFilterable":true,"isCalculated":false,"showLabel":true,"naturalOrder":0,"linkedFields":[],"relatedInfos":[],"references":[]}}],"references":[]}},{"@type":"fieldMap","id":"19879787","targetField":{"@type":"field","id":119316395,"name":"CustomerPriority__c","type":"picklist","uniqueName":"CustomerPriority__c","label":"Customer Priority","parentObject":"Account","pcType":"STRING","precision":255,"scale":0,"columnIndex":57,"isKey":false,"isWaterMarkKey":false,"isExternalId":false,"isSfIdLookup":false,"isNullable":true,"isUnique":false,"isCreateable":true,"isUpdateable":true,"isFilterable":true,"isCalculated":false,"showLabel":false,"naturalOrder":57,"linkedFields":[],"relatedInfos":[],"references":[]}},{"@type":"fieldMap","id":"19879788","targetField":{"@type":"field","id":119316396,"name":"SLA__c","type":"picklist","uniqueName":"SLA__c","label":"SLA","parentObject":"Account","pcType":"STRING","precision":255,"scale":0,"columnIndex":58,"isKey":false,"isWaterMarkKey":false,"isExternalId":false,"isSfIdLookup":false,"isNullable":true,"isUnique":false,"isCreateable":true,"isUpdateable":true,"isFilterable":true,"isCalculated":false,"showLabel":false,"naturalOrder":58,"linkedFields":[],"relatedInfos":[],"references":[]}},{"@type":"fieldMap","id":"19879789","targetField":{"@type":"field","id":119316397,"name":"Active__c","type":"picklist","uniqueName":"Active__c","label":"Active","parentObject":"Account","pcType":"STRING","precision":255,"scale":0,"columnIndex":59,"isKey":false,"isWaterMarkKey":false,"isExternalId":false,"isSfIdLookup":false,"isNullable":true,"isUnique":false,"isCreateable":true,"isUpdateable":true,"isFilterable":true,"isCalculated":false,"showLabel":false,"naturalOrder":59,"linkedFields":[],"relatedInfos":[],"references":[]}},{"@type":"fieldMap","id":"19879790","targetField":{"@type":"field","id":119316398,"name":"NumberofLocations__c","type":"double","uniqueName":"NumberofLocations__c","label":"Number of Locations","parentObject":"Account","pcType":"HIPRECDECIMAL","precision":3,"scale":0,"columnIndex":60,"isKey":false,"isWaterMarkKey":false,"isExternalId":false,"isSfIdLookup":false,"isNullable":true,"isUnique":false,"isCreateable":true,"isUpdateable":true,"isFilterable":true,"isCalculated":false,"showLabel":false,"naturalOrder":60,"linkedFields":[],"relatedInfos":[],"references":[]}},{"@type":"fieldMap","id":"19879791","targetField":{"@type":"field","id":119316399,"name":"UpsellOpportunity__c","type":"picklist","uniqueName":"UpsellOpportunity__c","label":"Upsell Opportunity","parentObject":"Account","pcType":"STRING","precision":255,"scale":0,"columnIndex":61,"isKey":false,"isWaterMarkKey":false,"isExternalId":false,"isSfIdLookup":false,"isNullable":true,"isUnique":false,"isCreateable":true,"isUpdateable":true,"isFilterable":true,"isCalculated":false,"showLabel":false,"naturalOrder":61,"linkedFields":[],"relatedInfos":[],"references":[]}},{"@type":"fieldMap","id":"19879792","targetField":{"@type":"field","id":119316400,"name":"SLASerialNumber__c","type":"string","uniqueName":"SLASerialNumber__c","label":"SLA Serial Number","parentObject":"Account","pcType":"STRING","precision":10,"scale":0,"columnIndex":62,"isKey":false,"isWaterMarkKey":false,"isExternalId":false,"isSfIdLookup":false,"isNullable":true,"isUnique":false,"isCreateable":true,"isUpdateable":true,"isFilterable":true,"isCalculated":false,"showLabel":false,"naturalOrder":62,"linkedFields":[],"relatedInfos":[],"references":[]}},{"@type":"fieldMap","id":"19879793","targetField":{"@type":"field","id":119316401,"name":"SLAExpirationDate__c","type":"date","uniqueName":"SLAExpirationDate__c","label":"SLA Expiration Date","parentObject":"Account","pcType":"DATE","precision":10,"scale":0,"columnIndex":63,"isKey":false,"isWaterMarkKey":false,"isExternalId":false,"isSfIdLookup":false,"isNullable":true,"isUnique":false,"isCreateable":true,"isUpdateable":true,"isFilterable":true,"isCalculated":false,"showLabel":false,"naturalOrder":63,"linkedFields":[],"relatedInfos":[],"references":[]}}],"sourceFields":[{"@type":"field","id":119316402,"name":"Outlet_ID","type":"nstring","uniqueName":"Outlet_ID","label":"Outlet_ID","parentObject":"Outlets.csv","pcType":"UNISTRING","precision":255,"scale":0,"columnIndex":0,"isKey":false,"isWaterMarkKey":false,"isExternalId":false,"isSfIdLookup":false,"isNullable":true,"isUnique":false,"isCreateable":false,"isUpdateable":true,"isFilterable":true,"isCalculated":false,"showLabel":false,"naturalOrder":0,"linkedFields":[],"relatedInfos":[],"references":[]},{"@type":"field","id":119316403,"name":"Outlet_Name","type":"nstring","uniqueName":"Outlet_Name","label":"Outlet_Name","parentObject":"Outlets.csv","pcType":"UNISTRING","precision":255,"scale":0,"columnIndex":1,"isKey":false,"isWaterMarkKey":false,"isExternalId":false,"isSfIdLookup":false,"isNullable":true,"isUnique":false,"isCreateable":false,"isUpdateable":true,"isFilterable":true,"isCalculated":false,"showLabel":false,"naturalOrder":0,"linkedFields":["Name"],"relatedInfos":[],"references":[]},{"@type":"field","id":119316404,"name":"Phone_Number","type":"nstring","uniqueName":"Phone_Number","label":"Phone_Number","parentObject":"Outlets.csv","pcType":"UNISTRING","precision":40,"scale":0,"columnIndex":2,"isKey":false,"isWaterMarkKey":false,"isExternalId":false,"isSfIdLookup":false,"isNullable":true,"isUnique":false,"isCreateable":false,"isUpdateable":true,"isFilterable":true,"isCalculated":false,"showLabel":false,"naturalOrder":0,"linkedFields":["Phone"],"relatedInfos":[],"references":[]},{"@type":"field","id":119316405,"name":"Street","type":"nstring","uniqueName":"Street","label":"Street","parentObject":"Outlets.csv","pcType":"UNISTRING","precision":255,"scale":0,"columnIndex":3,"isKey":false,"isWaterMarkKey":false,"isExternalId":false,"isSfIdLookup":false,"isNullable":true,"isUnique":false,"isCreateable":false,"isUpdateable":true,"isFilterable":true,"isCalculated":false,"showLabel":false,"naturalOrder":0,"linkedFields":["BillingStreet"],"relatedInfos":[],"references":[]},{"@type":"field","id":119316406,"name":"City","type":"nstring","uniqueName":"City","label":"City","parentObject":"Outlets.csv","pcType":"UNISTRING","precision":40,"scale":0,"columnIndex":4,"isKey":false,"isWaterMarkKey":false,"isExternalId":false,"isSfIdLookup":false,"isNullable":true,"isUnique":false,"isCreateable":false,"isUpdateable":true,"isFilterable":true,"isCalculated":false,"showLabel":false,"naturalOrder":0,"linkedFields":["BillingCity"],"relatedInfos":[],"references":[]},{"@type":"field","id":119316407,"name":"State","type":"nstring","uniqueName":"State","label":"State","parentObject":"Outlets.csv","pcType":"UNISTRING","precision":80,"scale":0,"columnIndex":5,"isKey":false,"isWaterMarkKey":false,"isExternalId":false,"isSfIdLookup":false,"isNullable":true,"isUnique":false,"isCreateable":false,"isUpdateable":true,"isFilterable":true,"isCalculated":false,"showLabel":false,"naturalOrder":0,"linkedFields":["BillingState"],"relatedInfos":[],"references":[]},{"@type":"field","id":119316408,"name":"ZipCode","type":"nstring","uniqueName":"ZipCode","label":"ZipCode","parentObject":"Outlets.csv","pcType":"UNISTRING","precision":20,"scale":0,"columnIndex":6,"isKey":false,"isWaterMarkKey":false,"isExternalId":false,"isSfIdLookup":false,"isNullable":true,"isUnique":false,"isCreateable":false,"isUpdateable":true,"isFilterable":true,"isCalculated":false,"showLabel":false,"naturalOrder":0,"linkedFields":["BillingPostalCode"],"relatedInfos":[],"references":[]},{"@type":"field","id":119316409,"name":"Country","type":"nstring","uniqueName":"Country","label":"Country","parentObject":"Outlets.csv","pcType":"UNISTRING","precision":80,"scale":0,"columnIndex":7,"isKey":false,"isWaterMarkKey":false,"isExternalId":false,"isSfIdLookup":false,"isNullable":true,"isUnique":false,"isCreateable":false,"isUpdateable":true,"isFilterable":true,"isCalculated":false,"showLabel":false,"naturalOrder":0,"linkedFields":["BillingCountry"],"relatedInfos":[],"references":[]},{"@type":"field","id":119316410,"name":"Employees","type":"int","uniqueName":"Employees","label":"Employees","parentObject":"Outlets.csv","pcType":"INT","precision":10,"scale":0,"columnIndex":8,"isKey":false,"isWaterMarkKey":false,"isExternalId":false,"isSfIdLookup":false,"isNullable":true,"isUnique":false,"isCreateable":false,"isUpdateable":true,"isFilterable":true,"isCalculated":false,"showLabel":false,"naturalOrder":0,"linkedFields":["NumberOfEmployees"],"relatedInfos":[],"references":[]}],"sortFields":[],"groupFields":[]}]